{
  "45055283634f4e37d73d4aad2583b073": {
    "channelNumber": "1003",
    "name": "Snickelodeon EST (US) (English)",
    "playlistID": "MEFSLBL3WKWEQXYX469O",
    "url": "http://api.toonamiaftermath.com:3000/snick-est/playlist.m3u8",
    "urlID": "45055283634f4e37d73d4aad2583b073"
  },
  "5e10aecb18022bd31879aeac32dea7da": {
    "channelNumber": "1001",
    "name": "Toonami Aftermath PST (US) (English)",
    "playlistID": "MEFSLBL3WKWEQXYX469O",
    "url": "http://api.toonamiaftermath.com:3000/est/playlist.m3u8?streamDelay=180",
    "urlID": "5e10aecb18022bd31879aeac32dea7da"
  },
  "9e937acd6b28b7c3e9e69416b9e17611": {
    "channelNumber": "1005",
    "name": "MTV97 (US) (English)",
    "playlistID": "MEFSLBL3WKWEQXYX469O",
    "url": "http://api.toonamiaftermath.com:3000/mtv97/playlist.m3u8",
    "urlID": "9e937acd6b28b7c3e9e69416b9e17611"
  },
  "a1ba57d357784195cf9d074b7607a9be": {
    "channelNumber": "1002",
    "name": "Random Movies (US) (English)",
    "playlistID": "MEFSLBL3WKWEQXYX469O",
    "url": "http://api.toonamiaftermath.com:3000/movies/playlist.m3u8",
    "urlID": "a1ba57d357784195cf9d074b7607a9be"
  },
  "d2350bf2eb0123f48dbddd3014774698": {
    "channelNumber": "1004",
    "name": "Snickelodeon West (US) (English)",
    "playlistID": "MEFSLBL3WKWEQXYX469O",
    "url": "http://api.toonamiaftermath.com:3000/snick-est/playlist.m3u8?streamDelay=180",
    "urlID": "d2350bf2eb0123f48dbddd3014774698"
  },
  "f3c10d1450707b5257a56e1998133cf8": {
    "channelNumber": "1000",
    "name": "Toonami Aftermath EST (US) (English)",
    "playlistID": "MEFSLBL3WKWEQXYX469O",
    "url": "http://api.toonamiaftermath.com:3000/est/playlist.m3u8",
    "urlID": "f3c10d1450707b5257a56e1998133cf8"
  }
}