{
  "x-ID.0": {
    "_file.m3u.id": "MEFSLBL3WKWEQXYX469O",
    "_file.m3u.name": "M3U",
    "_file.m3u.path": "/config/data/MEFSLBL3WKWEQXYX469O.m3u",
    "_uuid.key": "channel-id",
    "_uuid.value": "1",
    "_values": "1 Toonami Aftermath EST English US Toonami Aftermath EST Toonami Aftermath Toonami Aftermath EST (US) (English)",
    "group-title": "Toonami Aftermath",
    "name": "Toonami Aftermath EST (US) (English)",
    "tvg-id": "Toonami Aftermath EST",
    "tvg-logo": "https://vignette.wikia.nocookie.net/toonami/images/0/0f/Toonami_aftermath_logo.png/revision/latest?cb=20121120205018",
    "tvg-name": "Toonami Aftermath EST",
    "url": "http://api.toonamiaftermath.com:3000/est/playlist.m3u8",
    "x-active": true,
    "x-category": "",
    "x-channelID": "1000",
    "x-description": "Toonami Aftermath EST",
    "x-epg": "x-ID.0",
    "x-group-title": "Toonami Aftermath",
    "x-mapping": "Toonami%20Aftermath%20EST",
    "x-name": "Toonami Aftermath EST (US) (English)",
    "x-update-channel-icon": false,
    "x-update-channel-name": false,
    "x-xmltv-file": "XYDP47B15C52LOH6R46J.xml"
  },
  "x-ID.1": {
    "_file.m3u.id": "MEFSLBL3WKWEQXYX469O",
    "_file.m3u.name": "M3U",
    "_file.m3u.path": "/config/data/MEFSLBL3WKWEQXYX469O.m3u",
    "_uuid.key": "channel-id",
    "_uuid.value": "2",
    "_values": "2 Toonami Aftermath PST English US Toonami Aftermath PST Toonami Aftermath Toonami Aftermath PST (US) (English)",
    "group-title": "Toonami Aftermath",
    "name": "Toonami Aftermath PST (US) (English)",
    "tvg-id": "Toonami Aftermath PST",
    "tvg-logo": "https://vignette.wikia.nocookie.net/toonami/images/0/0f/Toonami_aftermath_logo.png/revision/latest?cb=20121120205018",
    "tvg-name": "Toonami Aftermath PST",
    "url": "http://api.toonamiaftermath.com:3000/est/playlist.m3u8?streamDelay=180",
    "x-active": true,
    "x-category": "",
    "x-channelID": "1001",
    "x-description": "Toonami Aftermath PST",
    "x-epg": "x-ID.1",
    "x-group-title": "Toonami Aftermath",
    "x-mapping": "Toonami%20Aftermath%20PST",
    "x-name": "Toonami Aftermath PST (US) (English)",
    "x-update-channel-icon": false,
    "x-update-channel-name": false,
    "x-xmltv-file": "XYDP47B15C52LOH6R46J.xml"
  },
  "x-ID.2": {
    "_file.m3u.id": "MEFSLBL3WKWEQXYX469O",
    "_file.m3u.name": "M3U",
    "_file.m3u.path": "/config/data/MEFSLBL3WKWEQXYX469O.m3u",
    "_uuid.key": "channel-id",
    "_uuid.value": "3",
    "_values": "3 Toonami Aftermath's Random Movies English US Random Movies Random Movies (US) (English)",
    "group-title": "",
    "name": "Random Movies (US) (English)",
    "tvg-id": "Random Movies",
    "tvg-logo": "https://cdn.icon-icons.com/icons2/515/PNG/256/Random-Movies_icon-icons.com_51046.png",
    "tvg-name": "Toonami Aftermath's Random Movies",
    "url": "http://api.toonamiaftermath.com:3000/movies/playlist.m3u8",
    "x-active": true,
    "x-category": "Movie",
    "x-channelID": "1002",
    "x-description": "Random Movies",
    "x-epg": "x-ID.2",
    "x-group-title": "Movies",
    "x-mapping": "120_Minutes",
    "x-name": "Random Movies (US) (English)",
    "x-update-channel-icon": false,
    "x-update-channel-name": false,
    "x-xmltv-file": "xTeVe Dummy"
  },
  "x-ID.3": {
    "_file.m3u.id": "MEFSLBL3WKWEQXYX469O",
    "_file.m3u.name": "M3U",
    "_file.m3u.path": "/config/data/MEFSLBL3WKWEQXYX469O.m3u",
    "_uuid.key": "channel-id",
    "_uuid.value": "4",
    "_values": "4 Snickelodeon EST English US Snickelodeon East Snickelodeon Snickelodeon EST (US) (English)",
    "group-title": "Snickelodeon",
    "name": "Snickelodeon EST (US) (English)",
    "tvg-id": "Snickelodeon East",
    "tvg-logo": "https://vignette.wikia.nocookie.net/ultraverse/images/a/a9/Cartoonverse_-_Nickelodeon_-3.png/revision/latest/scale-to-width-down/1000?cb=20200710152142",
    "tvg-name": "Snickelodeon EST",
    "url": "http://api.toonamiaftermath.com:3000/snick-est/playlist.m3u8",
    "x-active": true,
    "x-category": "",
    "x-channelID": "1003",
    "x-description": "",
    "x-epg": "x-ID.3",
    "x-group-title": "Snickelodeon",
    "x-mapping": "Snickelodeon%20EST",
    "x-name": "Snickelodeon EST (US) (English)",
    "x-update-channel-icon": false,
    "x-update-channel-name": false,
    "x-xmltv-file": "XYDP47B15C52LOH6R46J.xml"
  },
  "x-ID.4": {
    "_file.m3u.id": "MEFSLBL3WKWEQXYX469O",
    "_file.m3u.name": "M3U",
    "_file.m3u.path": "/config/data/MEFSLBL3WKWEQXYX469O.m3u",
    "_uuid.key": "channel-id",
    "_uuid.value": "5",
    "_values": "5 Snickelodeon PST English US Snickelodeon West Snickelodeon Snickelodeon West (US) (English)",
    "group-title": "Snickelodeon",
    "name": "Snickelodeon West (US) (English)",
    "tvg-id": "Snickelodeon West",
    "tvg-logo": "https://vignette.wikia.nocookie.net/ultraverse/images/a/a9/Cartoonverse_-_Nickelodeon_-3.png/revision/latest/scale-to-width-down/1000?cb=20200710152142",
    "tvg-name": "Snickelodeon PST",
    "url": "http://api.toonamiaftermath.com:3000/snick-est/playlist.m3u8?streamDelay=180",
    "x-active": true,
    "x-category": "",
    "x-channelID": "1004",
    "x-description": "",
    "x-epg": "x-ID.4",
    "x-group-title": "Snickelodeon",
    "x-mapping": "Snickelodeon%20PST",
    "x-name": "Snickelodeon West (US) (English)",
    "x-update-channel-icon": false,
    "x-update-channel-name": false,
    "x-xmltv-file": "XYDP47B15C52LOH6R46J.xml"
  },
  "x-ID.5": {
    "_file.m3u.id": "MEFSLBL3WKWEQXYX469O",
    "_file.m3u.name": "M3U",
    "_file.m3u.path": "/config/data/MEFSLBL3WKWEQXYX469O.m3u",
    "_uuid.key": "channel-id",
    "_uuid.value": "6",
    "_values": "6 MTV97 EST English US MTV97 MTV97 MTV97 (US) (English)",
    "group-title": "MTV97",
    "name": "MTV97 (US) (English)",
    "tvg-id": "MTV97",
    "tvg-logo": "https://2.bp.blogspot.com/-HwTPGgPOgCA/XG23ZiD7V1I/AAAAAAAAENg/deUwY0OBAac1hGgc6TQb-LkQUvC96cZxACLcBGAs/s320/mtv97full.png",
    "tvg-name": "MTV97 EST",
    "url": "http://api.toonamiaftermath.com:3000/mtv97/playlist.m3u8",
    "x-active": true,
    "x-category": "",
    "x-channelID": "1005",
    "x-description": "",
    "x-epg": "x-ID.5",
    "x-group-title": "MTV97",
    "x-mapping": "30_Minutes",
    "x-name": "MTV97 (US) (English)",
    "x-update-channel-icon": false,
    "x-update-channel-name": false,
    "x-xmltv-file": "xTeVe Dummy"
  },
  "x-ID.6": {
    "_file.m3u.id": "MEFSLBL3WKWEQXYX469O",
    "_file.m3u.name": "M3U",
    "_file.m3u.path": "/config/data/MEFSLBL3WKWEQXYX469O.m3u",
    "_uuid.key": "channel-id",
    "_uuid.value": "7",
    "_values": "7 MTV97 PST English US MTV97 MTV97 MTV97 (US) (English)",
    "group-title": "MTV97",
    "name": "MTV97 (US) (English)",
    "tvg-id": "MTV97",
    "tvg-logo": "https://2.bp.blogspot.com/-HwTPGgPOgCA/XG23ZiD7V1I/AAAAAAAAENg/deUwY0OBAac1hGgc6TQb-LkQUvC96cZxACLcBGAs/s320/mtv97full.png",
    "tvg-name": "MTV97 PST",
    "url": "http://api.toonamiaftermath.com:3000/mtv97/playlist.m3u8",
    "x-active": true,
    "x-category": "",
    "x-channelID": "1006",
    "x-description": "",
    "x-epg": "x-ID.6",
    "x-group-title": "MTV97",
    "x-mapping": "30_Minutes",
    "x-name": "MTV97 (US) (English)",
    "x-update-channel-icon": false,
    "x-update-channel-name": false,
    "x-xmltv-file": "xTeVe Dummy"
  }
}